date,symbol,marketcapname,sector
12-09-2025 11:30:00 AM,EICHERMOT,Largecap,Auto
12-09-2025 11:30:00 AM,TVSMOTOR,Largecap,Auto
12-09-2025 11:30:00 AM,MARUTI,Largecap,Auto
12-09-2025 11:30:00 AM,LTF,Largecap,Financials
15-09-2025 11:30:00 AM,EICHERMOT,Largecap,Auto
15-09-2025 11:30:00 AM,MARUTI,Largecap,Auto
15-09-2025 11:30:00 AM,FORTIS,Largecap,Healthcare
15-09-2025 11:30:00 AM,LTF,Largecap,Financials
16-09-2025 11:30:00 AM,EICHERMOT,Largecap,Auto
16-09-2025 11:30:00 AM,MARUTI,Largecap,Auto
16-09-2025 11:30:00 AM,MUTHOOTFIN,Largecap,Financials
16-09-2025 11:30:00 AM,LTF,Largecap,Financials
17-09-2025 11:30:00 AM,EICHERMOT,Largecap,Auto
17-09-2025 11:30:00 AM,MARUTI,Largecap,Auto
17-09-2025 11:30:00 AM,LTF,Largecap,Financials
18-09-2025 11:30:00 AM,EICHERMOT,Largecap,Auto
18-09-2025 11:30:00 AM,TVSMOTOR,Largecap,Auto
18-09-2025 11:30:00 AM,MARUTI,Largecap,Auto
18-09-2025 11:30:00 AM,LTF,Largecap,Financials
18-09-2025 11:30:00 AM,LAURUSLABS,Largecap,Healthcare
19-09-2025 11:30:00 AM,EICHERMOT,Largecap,Auto
19-09-2025 11:30:00 AM,MARUTI,Largecap,Auto
19-09-2025 11:30:00 AM,LTF,Largecap,Financials
19-09-2025 11:30:00 AM,LAURUSLABS,Largecap,Healthcare
22-09-2025 11:30:00 AM,EICHERMOT,Largecap,Auto
22-09-2025 11:30:00 AM,MARUTI,Largecap,Auto
22-09-2025 11:30:00 AM,MUTHOOTFIN,Largecap,Financials
23-09-2025 11:30:00 AM,ASHOKLEY,Largecap,Auto
23-09-2025 11:30:00 AM,EICHERMOT,Largecap,Auto
23-09-2025 11:30:00 AM,MARUTI,Largecap,Auto
23-09-2025 11:30:00 AM,MUTHOOTFIN,Largecap,Financials
24-09-2025 11:30:00 AM,EICHERMOT,Largecap,Auto
24-09-2025 11:30:00 AM,MARUTI,Largecap,Auto
24-09-2025 11:30:00 AM,MUTHOOTFIN,Largecap,Financials
25-09-2025 11:30:00 AM,EICHERMOT,Largecap,Auto
25-09-2025 11:30:00 AM,MARUTI,Largecap,Auto
26-09-2025 11:30:00 AM,EICHERMOT,Largecap,Auto
26-09-2025 11:30:00 AM,MARUTI,Largecap,Auto
29-09-2025 11:30:00 AM,EICHERMOT,Largecap,Auto
29-09-2025 11:30:00 AM,INDIANB,Largecap,Bank
30-09-2025 11:30:00 AM,EICHERMOT,Largecap,Auto
30-09-2025 11:30:00 AM,MARUTI,Largecap,Auto
30-09-2025 11:30:00 AM,INDIANB,Largecap,Bank
01-10-2025 11:30:00 AM,EICHERMOT,Largecap,Auto
01-10-2025 11:30:00 AM,MUTHOOTFIN,Largecap,Financials
01-10-2025 11:30:00 AM,LTF,Largecap,Financials
03-10-2025 11:30:00 AM,JSWSTEEL,Largecap,Metals & Mining
03-10-2025 11:30:00 AM,INDIANB,Largecap,Bank
03-10-2025 11:30:00 AM,MUTHOOTFIN,Largecap,Financials
03-10-2025 11:30:00 AM,LTF,Largecap,Financials
06-10-2025 11:30:00 AM,INDIANB,Largecap,Bank
06-10-2025 11:30:00 AM,FORTIS,Largecap,Healthcare
06-10-2025 11:30:00 AM,MUTHOOTFIN,Largecap,Financials
06-10-2025 11:30:00 AM,LTF,Largecap,Financials
07-10-2025 11:30:00 AM,INDIANB,Largecap,Bank
07-10-2025 11:30:00 AM,MUTHOOTFIN,Largecap,Financials
07-10-2025 11:30:00 AM,LTF,Largecap,Financials
08-10-2025 11:30:00 AM,INDIANB,Largecap,Bank
08-10-2025 11:30:00 AM,FORTIS,Largecap,Healthcare
08-10-2025 11:30:00 AM,MUTHOOTFIN,Largecap,Financials
09-10-2025 11:30:00 AM,INDIANB,Largecap,Bank
09-10-2025 11:30:00 AM,FORTIS,Largecap,Healthcare
09-10-2025 11:30:00 AM,MUTHOOTFIN,Largecap,Financials
10-10-2025 11:30:00 AM,INDIANB,Largecap,Bank
10-10-2025 11:30:00 AM,FORTIS,Largecap,Healthcare
13-10-2025 11:30:00 AM,INDIANB,Largecap,Bank
13-10-2025 11:30:00 AM,FORTIS,Largecap,Healthcare
14-10-2025 11:30:00 AM,FORTIS,Largecap,Healthcare
15-10-2025 11:30:00 AM,FORTIS,Largecap,Healthcare
15-10-2025 11:30:00 AM,LTF,Largecap,Financials
16-10-2025 11:30:00 AM,FORTIS,Largecap,Healthcare
17-10-2025 11:30:00 AM,TVSMOTOR,Largecap,Auto
17-10-2025 11:30:00 AM,MUTHOOTFIN,Largecap,Financials
20-10-2025 11:30:00 AM,TVSMOTOR,Largecap,Auto
20-10-2025 11:30:00 AM,INDIANB,Largecap,Bank
20-10-2025 11:30:00 AM,ADANIPOWER,Largecap,Power & Utilities
21-10-2025 11:30:00 AM,TVSMOTOR,Largecap,Auto
21-10-2025 11:30:00 AM,INDIANB,Largecap,Bank
21-10-2025 11:30:00 AM,ADANIPOWER,Largecap,Power & Utilities
23-10-2025 11:30:00 AM,INDIANB,Largecap,Bank
24-10-2025 11:30:00 AM,CUMMINSIND,Largecap,Industrials
24-10-2025 11:30:00 AM,INDIANB,Largecap,Bank
27-10-2025 11:30:00 AM,FEDERALBNK,Largecap,Bank
27-10-2025 11:30:00 AM,CUMMINSIND,Largecap,Industrials
27-10-2025 11:30:00 AM,INDIANB,Largecap,Bank
28-10-2025 11:30:00 AM,FEDERALBNK,Largecap,Bank
28-10-2025 11:30:00 AM,CUMMINSIND,Largecap,Industrials
28-10-2025 11:30:00 AM,INDIANB,Largecap,Bank
29-10-2025 11:30:00 AM,FEDERALBNK,Largecap,Bank
29-10-2025 11:30:00 AM,CUMMINSIND,Largecap,Industrials
29-10-2025 11:30:00 AM,INDIANB,Largecap,Bank
30-10-2025 11:30:00 AM,FEDERALBNK,Largecap,Bank
30-10-2025 11:30:00 AM,CUMMINSIND,Largecap,Industrials
30-10-2025 11:30:00 AM,INDIANB,Largecap,Bank
30-10-2025 11:30:00 AM,ABCAPITAL,Largecap,Financials
31-10-2025 11:30:00 AM,FEDERALBNK,Largecap,Bank
31-10-2025 11:30:00 AM,CUMMINSIND,Largecap,Industrials
31-10-2025 11:30:00 AM,INDIANB,Largecap,Bank
03-11-2025 10:30:00 AM,SBIN,Largecap,Bank
03-11-2025 10:30:00 AM,FEDERALBNK,Largecap,Bank
03-11-2025 10:30:00 AM,CUMMINSIND,Largecap,Industrials
03-11-2025 10:30:00 AM,CANBK,Largecap,Bank
03-11-2025 10:30:00 AM,INDIANB,Largecap,Bank
03-11-2025 10:30:00 AM,LTF,Largecap,Financials
03-11-2025 10:30:00 AM,LAURUSLABS,Largecap,Healthcare
03-11-2025 10:30:00 AM,ABCAPITAL,Largecap,Financials
04-11-2025 10:30:00 AM,SBIN,Largecap,Bank
04-11-2025 10:30:00 AM,FEDERALBNK,Largecap,Bank
04-11-2025 10:30:00 AM,CANBK,Largecap,Bank
04-11-2025 10:30:00 AM,INDIANB,Largecap,Bank
04-11-2025 10:30:00 AM,LTF,Largecap,Financials
04-11-2025 10:30:00 AM,LAURUSLABS,Largecap,Healthcare
04-11-2025 10:30:00 AM,ABCAPITAL,Largecap,Financials
06-11-2025 10:30:00 AM,SBIN,Largecap,Bank
06-11-2025 10:30:00 AM,FEDERALBNK,Largecap,Bank
06-11-2025 10:30:00 AM,CANBK,Largecap,Bank
06-11-2025 10:30:00 AM,INDIANB,Largecap,Bank
06-11-2025 10:30:00 AM,LAURUSLABS,Largecap,Healthcare
07-11-2025 10:30:00 AM,SBIN,Largecap,Bank
07-11-2025 10:30:00 AM,FEDERALBNK,Largecap,Bank
07-11-2025 10:30:00 AM,CANBK,Largecap,Bank
07-11-2025 10:30:00 AM,INDIANB,Largecap,Bank
07-11-2025 10:30:00 AM,LTF,Largecap,Financials
07-11-2025 10:30:00 AM,LAURUSLABS,Largecap,Healthcare
07-11-2025 10:30:00 AM,ABCAPITAL,Largecap,Financials
10-11-2025 10:30:00 AM,SBIN,Largecap,Bank
10-11-2025 10:30:00 AM,FEDERALBNK,Largecap,Bank
10-11-2025 10:30:00 AM,NATIONALUM,Largecap,Metals & Mining
10-11-2025 10:30:00 AM,CANBK,Largecap,Bank
10-11-2025 10:30:00 AM,INDIANB,Largecap,Bank
10-11-2025 10:30:00 AM,LTF,Largecap,Financials
10-11-2025 10:30:00 AM,LAURUSLABS,Largecap,Healthcare
11-11-2025 10:30:00 AM,SBIN,Largecap,Bank
11-11-2025 10:30:00 AM,FEDERALBNK,Largecap,Bank
11-11-2025 10:30:00 AM,CUMMINSIND,Largecap,Industrials
11-11-2025 10:30:00 AM,NATIONALUM,Largecap,Metals & Mining
11-11-2025 10:30:00 AM,CANBK,Largecap,Bank
11-11-2025 10:30:00 AM,INDIANB,Largecap,Bank
11-11-2025 10:30:00 AM,MUTHOOTFIN,Largecap,Financials
11-11-2025 10:30:00 AM,LTF,Largecap,Financials
12-11-2025 10:30:00 AM,SBIN,Largecap,Bank
12-11-2025 10:30:00 AM,FEDERALBNK,Largecap,Bank
12-11-2025 10:30:00 AM,NATIONALUM,Largecap,Metals & Mining
12-11-2025 10:30:00 AM,CANBK,Largecap,Bank
12-11-2025 10:30:00 AM,INDIANB,Largecap,Bank
13-11-2025 10:30:00 AM,SBIN,Largecap,Bank
13-11-2025 10:30:00 AM,NATIONALUM,Largecap,Metals & Mining
13-11-2025 10:30:00 AM,CANBK,Largecap,Bank
13-11-2025 10:30:00 AM,INDIANB,Largecap,Bank
14-11-2025 10:30:00 AM,SBIN,Largecap,Bank
14-11-2025 10:30:00 AM,NATIONALUM,Largecap,Metals & Mining
14-11-2025 10:30:00 AM,CANBK,Largecap,Bank
14-11-2025 10:30:00 AM,INDIANB,Largecap,Bank
14-11-2025 10:30:00 AM,MUTHOOTFIN,Largecap,Financials
17-11-2025 10:30:00 AM,SBIN,Largecap,Bank
17-11-2025 10:30:00 AM,FEDERALBNK,Largecap,Bank
17-11-2025 10:30:00 AM,CANBK,Largecap,Bank
17-11-2025 10:30:00 AM,INDIANB,Largecap,Bank
17-11-2025 10:30:00 AM,MUTHOOTFIN,Largecap,Financials
17-11-2025 10:30:00 AM,LTF,Largecap,Financials
18-11-2025 10:30:00 AM,SBIN,Largecap,Bank
18-11-2025 10:30:00 AM,FEDERALBNK,Largecap,Bank
18-11-2025 10:30:00 AM,CANBK,Largecap,Bank
18-11-2025 10:30:00 AM,INDIANB,Largecap,Bank
18-11-2025 10:30:00 AM,MUTHOOTFIN,Largecap,Financials
19-11-2025 10:30:00 AM,SBIN,Largecap,Bank
19-11-2025 10:30:00 AM,HEROMOTOCO,Largecap,Auto
19-11-2025 10:30:00 AM,FEDERALBNK,Largecap,Bank
19-11-2025 10:30:00 AM,CANBK,Largecap,Bank
19-11-2025 10:30:00 AM,INDIANB,Largecap,Bank
19-11-2025 10:30:00 AM,MUTHOOTFIN,Largecap,Financials
20-11-2025 10:30:00 AM,SBIN,Largecap,Bank
20-11-2025 10:30:00 AM,HEROMOTOCO,Largecap,Auto
20-11-2025 10:30:00 AM,FEDERALBNK,Largecap,Bank
20-11-2025 10:30:00 AM,CANBK,Largecap,Bank
20-11-2025 10:30:00 AM,INDIANB,Largecap,Bank
20-11-2025 10:30:00 AM,MUTHOOTFIN,Largecap,Financials
21-11-2025 10:30:00 AM,SBIN,Largecap,Bank
21-11-2025 10:30:00 AM,HEROMOTOCO,Largecap,Auto
21-11-2025 10:30:00 AM,FEDERALBNK,Largecap,Bank
24-11-2025 10:30:00 AM,HEROMOTOCO,Largecap,Auto
24-11-2025 10:30:00 AM,FEDERALBNK,Largecap,Bank
25-11-2025 10:30:00 AM,SBIN,Largecap,Bank
25-11-2025 10:30:00 AM,HEROMOTOCO,Largecap,Auto
25-11-2025 10:30:00 AM,FEDERALBNK,Largecap,Bank
25-11-2025 10:30:00 AM,CANBK,Largecap,Bank
26-11-2025 10:30:00 AM,SBIN,Largecap,Bank
26-11-2025 10:30:00 AM,HEROMOTOCO,Largecap,Auto
26-11-2025 10:30:00 AM,FEDERALBNK,Largecap,Bank
26-11-2025 10:30:00 AM,CANBK,Largecap,Bank
26-11-2025 10:30:00 AM,MUTHOOTFIN,Largecap,Financials
26-11-2025 10:30:00 AM,MCX,Largecap,Financials
26-11-2025 10:30:00 AM,ABCAPITAL,Largecap,Financials
27-11-2025 10:30:00 AM,HEROMOTOCO,Largecap,Auto
27-11-2025 10:30:00 AM,FEDERALBNK,Largecap,Bank
27-11-2025 10:30:00 AM,ASHOKLEY,Largecap,Auto
27-11-2025 10:30:00 AM,CANBK,Largecap,Bank
27-11-2025 10:30:00 AM,MUTHOOTFIN,Largecap,Financials
27-11-2025 10:30:00 AM,LTF,Largecap,Financials
27-11-2025 10:30:00 AM,MCX,Largecap,Financials
27-11-2025 10:30:00 AM,ABCAPITAL,Largecap,Financials
28-11-2025 10:30:00 AM,HEROMOTOCO,Largecap,Auto
28-11-2025 10:30:00 AM,FEDERALBNK,Largecap,Bank
28-11-2025 10:30:00 AM,ASHOKLEY,Largecap,Auto
28-11-2025 10:30:00 AM,CANBK,Largecap,Bank
28-11-2025 10:30:00 AM,MUTHOOTFIN,Largecap,Financials
28-11-2025 10:30:00 AM,LTF,Largecap,Financials
28-11-2025 10:30:00 AM,ABCAPITAL,Largecap,Financials
01-12-2025 10:30:00 AM,FEDERALBNK,Largecap,Bank
01-12-2025 10:30:00 AM,ASHOKLEY,Largecap,Auto
01-12-2025 10:30:00 AM,SHRIRAMFIN,Largecap,Financials
01-12-2025 10:30:00 AM,CANBK,Largecap,Bank
01-12-2025 10:30:00 AM,MUTHOOTFIN,Largecap,Financials
01-12-2025 10:30:00 AM,ABCAPITAL,Largecap,Financials
02-12-2025 10:30:00 AM,FEDERALBNK,Largecap,Bank
02-12-2025 10:30:00 AM,ASHOKLEY,Largecap,Auto
02-12-2025 10:30:00 AM,CANBK,Largecap,Bank
02-12-2025 10:30:00 AM,MUTHOOTFIN,Largecap,Financials
02-12-2025 10:30:00 AM,ABCAPITAL,Largecap,Financials
03-12-2025 10:30:00 AM,FEDERALBNK,Largecap,Bank
03-12-2025 10:30:00 AM,ASHOKLEY,Largecap,Auto
04-12-2025 10:30:00 AM,FEDERALBNK,Largecap,Bank
05-12-2025 10:30:00 AM,FEDERALBNK,Largecap,Bank
05-12-2025 10:30:00 AM,NATIONALUM,Largecap,Metals & Mining
08-12-2025 10:30:00 AM,FEDERALBNK,Largecap,Bank
09-12-2025 10:30:00 AM,FEDERALBNK,Largecap,Bank
09-12-2025 10:30:00 AM,ABCAPITAL,Largecap,Financials
10-12-2025 10:30:00 AM,FEDERALBNK,Largecap,Bank
11-12-2025 10:30:00 AM,FEDERALBNK,Largecap,Bank
12-12-2025 10:30:00 AM,FEDERALBNK,Largecap,Bank
15-12-2025 10:30:00 AM,FEDERALBNK,Largecap,Bank
15-12-2025 10:30:00 AM,ASHOKLEY,Largecap,Auto
16-12-2025 10:30:00 AM,VEDL,Largecap,Metals & Mining
16-12-2025 10:30:00 AM,FEDERALBNK,Largecap,Bank
16-12-2025 10:30:00 AM,ASHOKLEY,Largecap,Auto
17-12-2025 10:30:00 AM,VEDL,Largecap,Metals & Mining
17-12-2025 10:30:00 AM,FEDERALBNK,Largecap,Bank
18-12-2025 10:30:00 AM,VEDL,Largecap,Metals & Mining
18-12-2025 10:30:00 AM,FEDERALBNK,Largecap,Bank
18-12-2025 10:30:00 AM,ASHOKLEY,Largecap,Auto
19-12-2025 10:30:00 AM,VEDL,Largecap,Metals & Mining
19-12-2025 10:30:00 AM,FEDERALBNK,Largecap,Bank
19-12-2025 10:30:00 AM,ASHOKLEY,Largecap,Auto
19-12-2025 10:30:00 AM,SHRIRAMFIN,Largecap,Financials
22-12-2025 10:30:00 AM,VEDL,Largecap,Metals & Mining
22-12-2025 10:30:00 AM,FEDERALBNK,Largecap,Bank
22-12-2025 10:30:00 AM,ASHOKLEY,Largecap,Auto
22-12-2025 10:30:00 AM,SHRIRAMFIN,Largecap,Financials
22-12-2025 10:30:00 AM,NATIONALUM,Largecap,Metals & Mining
22-12-2025 10:30:00 AM,LAURUSLABS,Largecap,Healthcare
23-12-2025 10:30:00 AM,VEDL,Largecap,Metals & Mining
23-12-2025 10:30:00 AM,ASHOKLEY,Largecap,Auto
23-12-2025 10:30:00 AM,SHRIRAMFIN,Largecap,Financials
23-12-2025 10:30:00 AM,NATIONALUM,Largecap,Metals & Mining
23-12-2025 10:30:00 AM,LAURUSLABS,Largecap,Healthcare
24-12-2025 10:30:00 AM,VEDL,Largecap,Metals & Mining
24-12-2025 10:30:00 AM,ASHOKLEY,Largecap,Auto
24-12-2025 10:30:00 AM,SHRIRAMFIN,Largecap,Financials
24-12-2025 10:30:00 AM,NATIONALUM,Largecap,Metals & Mining
24-12-2025 10:30:00 AM,LAURUSLABS,Largecap,Healthcare
26-12-2025 10:30:00 AM,VEDL,Largecap,Metals & Mining
26-12-2025 10:30:00 AM,ASHOKLEY,Largecap,Auto
26-12-2025 10:30:00 AM,SHRIRAMFIN,Largecap,Financials
26-12-2025 10:30:00 AM,NATIONALUM,Largecap,Metals & Mining
26-12-2025 10:30:00 AM,MCX,Largecap,Financials
26-12-2025 10:30:00 AM,LAURUSLABS,Largecap,Healthcare
29-12-2025 10:30:00 AM,VEDL,Largecap,Metals & Mining
29-12-2025 10:30:00 AM,ASHOKLEY,Largecap,Auto
29-12-2025 10:30:00 AM,SHRIRAMFIN,Largecap,Financials
29-12-2025 10:30:00 AM,NATIONALUM,Largecap,Metals & Mining
29-12-2025 10:30:00 AM,LAURUSLABS,Largecap,Healthcare
30-12-2025 10:30:00 AM,VEDL,Largecap,Metals & Mining
30-12-2025 10:30:00 AM,ASHOKLEY,Largecap,Auto
30-12-2025 10:30:00 AM,SHRIRAMFIN,Largecap,Financials
30-12-2025 10:30:00 AM,NATIONALUM,Largecap,Metals & Mining
30-12-2025 10:30:00 AM,LAURUSLABS,Largecap,Healthcare
31-12-2025 10:30:00 AM,VEDL,Largecap,Metals & Mining
31-12-2025 10:30:00 AM,ASHOKLEY,Largecap,Auto
31-12-2025 10:30:00 AM,SHRIRAMFIN,Largecap,Financials
31-12-2025 10:30:00 AM,NATIONALUM,Largecap,Metals & Mining
31-12-2025 10:30:00 AM,LAURUSLABS,Largecap,Healthcare
01-01-2026 10:30:00 AM,VEDL,Largecap,Metals & Mining
01-01-2026 10:30:00 AM,HINDALCO,Largecap,Metals & Mining
01-01-2026 10:30:00 AM,ASHOKLEY,Largecap,Auto
01-01-2026 10:30:00 AM,SHRIRAMFIN,Largecap,Financials
01-01-2026 10:30:00 AM,NATIONALUM,Largecap,Metals & Mining
02-01-2026 10:30:00 AM,VEDL,Largecap,Metals & Mining
02-01-2026 10:30:00 AM,HINDALCO,Largecap,Metals & Mining
02-01-2026 10:30:00 AM,ASHOKLEY,Largecap,Auto
02-01-2026 10:30:00 AM,SHRIRAMFIN,Largecap,Financials
02-01-2026 10:30:00 AM,NATIONALUM,Largecap,Metals & Mining
05-01-2026 10:30:00 AM,SBIN,Largecap,Bank
05-01-2026 10:30:00 AM,VEDL,Largecap,Metals & Mining
05-01-2026 10:30:00 AM,ASHOKLEY,Largecap,Auto
05-01-2026 10:30:00 AM,SHRIRAMFIN,Largecap,Financials
05-01-2026 10:30:00 AM,NATIONALUM,Largecap,Metals & Mining
06-01-2026 10:30:00 AM,SBIN,Largecap,Bank
06-01-2026 10:30:00 AM,VEDL,Largecap,Metals & Mining
06-01-2026 10:30:00 AM,ASHOKLEY,Largecap,Auto
06-01-2026 10:30:00 AM,SHRIRAMFIN,Largecap,Financials
06-01-2026 10:30:00 AM,NATIONALUM,Largecap,Metals & Mining
07-01-2026 10:30:00 AM,VEDL,Largecap,Metals & Mining
07-01-2026 10:30:00 AM,ASHOKLEY,Largecap,Auto
07-01-2026 10:30:00 AM,EICHERMOT,Largecap,Auto
07-01-2026 10:30:00 AM,SHRIRAMFIN,Largecap,Financials
07-01-2026 10:30:00 AM,NATIONALUM,Largecap,Metals & Mining
07-01-2026 10:30:00 AM,MCX,Largecap,Financials
08-01-2026 10:30:00 AM,ASHOKLEY,Largecap,Auto
08-01-2026 10:30:00 AM,SHRIRAMFIN,Largecap,Financials
09-01-2026 10:30:00 AM,ASHOKLEY,Largecap,Auto
09-01-2026 10:30:00 AM,NATIONALUM,Largecap,Metals & Mining
12-01-2026 10:30:00 AM,VEDL,Largecap,Metals & Mining
12-01-2026 10:30:00 AM,ASHOKLEY,Largecap,Auto
12-01-2026 10:30:00 AM,NATIONALUM,Largecap,Metals & Mining
13-01-2026 10:30:00 AM,SBIN,Largecap,Bank
13-01-2026 10:30:00 AM,VEDL,Largecap,Metals & Mining
13-01-2026 10:30:00 AM,NATIONALUM,Largecap,Metals & Mining
14-01-2026 10:30:00 AM,SBIN,Largecap,Bank
14-01-2026 10:30:00 AM,VEDL,Largecap,Metals & Mining
14-01-2026 10:30:00 AM,HINDALCO,Largecap,Metals & Mining
14-01-2026 10:30:00 AM,ASHOKLEY,Largecap,Auto
14-01-2026 10:30:00 AM,NATIONALUM,Largecap,Metals & Mining
14-01-2026 10:30:00 AM,UNIONBANK,Largecap,Bank
14-01-2026 10:30:00 AM,MCX,Largecap,Financials
16-01-2026 10:30:00 AM,SBIN,Largecap,Bank
16-01-2026 10:30:00 AM,VEDL,Largecap,Metals & Mining
16-01-2026 10:30:00 AM,NATIONALUM,Largecap,Metals & Mining
16-01-2026 10:30:00 AM,UNIONBANK,Largecap,Bank
16-01-2026 10:30:00 AM,MCX,Largecap,Financials
19-01-2026 10:30:00 AM,SBIN,Largecap,Bank
19-01-2026 10:30:00 AM,VEDL,Largecap,Metals & Mining
19-01-2026 10:30:00 AM,SHRIRAMFIN,Largecap,Financials
19-01-2026 10:30:00 AM,NATIONALUM,Largecap,Metals & Mining
20-01-2026 10:30:00 AM,SBIN,Largecap,Bank
20-01-2026 10:30:00 AM,VEDL,Largecap,Metals & Mining
21-01-2026 10:30:00 AM,VEDL,Largecap,Metals & Mining
22-01-2026 10:30:00 AM,SBIN,Largecap,Bank
22-01-2026 10:30:00 AM,VEDL,Largecap,Metals & Mining
23-01-2026 10:30:00 AM,VEDL,Largecap,Metals & Mining
23-01-2026 10:30:00 AM,NATIONALUM,Largecap,Metals & Mining
27-01-2026 10:30:00 AM,VEDL,Largecap,Metals & Mining
27-01-2026 10:30:00 AM,NATIONALUM,Largecap,Metals & Mining
28-01-2026 10:30:00 AM,VEDL,Largecap,Metals & Mining
28-01-2026 10:30:00 AM,NATIONALUM,Largecap,Metals & Mining
29-01-2026 10:30:00 AM,VEDL,Largecap,Metals & Mining
29-01-2026 10:30:00 AM,NATIONALUM,Largecap,Metals & Mining
30-01-2026 10:30:00 AM,SBIN,Largecap,Bank
03-02-2026 10:30:00 AM,APLAPOLLO,Largecap,Industrials
04-02-2026 10:30:00 AM,APLAPOLLO,Largecap,Industrials
05-02-2026 10:30:00 AM,APLAPOLLO,Largecap,Industrials
06-02-2026 10:30:00 AM,APLAPOLLO,Largecap,Industrials
09-02-2026 10:30:00 AM,SBIN,Largecap,Bank
09-02-2026 10:30:00 AM,ASHOKLEY,Largecap,Auto
09-02-2026 10:30:00 AM,APLAPOLLO,Largecap,Industrials
10-02-2026 10:30:00 AM,SBIN,Largecap,Bank
10-02-2026 10:30:00 AM,ASHOKLEY,Largecap,Auto
10-02-2026 10:30:00 AM,APLAPOLLO,Largecap,Industrials
11-02-2026 10:30:00 AM,SBIN,Largecap,Bank
11-02-2026 10:30:00 AM,BHARATFORG,Largecap,Industrials
11-02-2026 10:30:00 AM,APLAPOLLO,Largecap,Industrials
12-02-2026 10:30:00 AM,SBIN,Largecap,Bank
12-02-2026 10:30:00 AM,ASHOKLEY,Largecap,Auto
12-02-2026 10:30:00 AM,BHARATFORG,Largecap,Industrials
12-02-2026 10:30:00 AM,EICHERMOT,Largecap,Auto
12-02-2026 10:30:00 AM,APLAPOLLO,Largecap,Industrials
13-02-2026 10:30:00 AM,SBIN,Largecap,Bank
13-02-2026 10:30:00 AM,BHARATFORG,Largecap,Industrials
13-02-2026 10:30:00 AM,EICHERMOT,Largecap,Auto
13-02-2026 10:30:00 AM,APLAPOLLO,Largecap,Industrials
16-02-2026 10:30:00 AM,SBIN,Largecap,Bank
16-02-2026 10:30:00 AM,TORNTPHARM,Largecap,Healthcare
16-02-2026 10:30:00 AM,BHARATFORG,Largecap,Industrials
17-02-2026 10:30:00 AM,SBIN,Largecap,Bank
17-02-2026 10:30:00 AM,TORNTPHARM,Largecap,Healthcare
17-02-2026 10:30:00 AM,BHARATFORG,Largecap,Industrials
18-02-2026 10:30:00 AM,SBIN,Largecap,Bank
18-02-2026 10:30:00 AM,BHARATFORG,Largecap,Industrials
18-02-2026 10:30:00 AM,UNIONBANK,Largecap,Bank
18-02-2026 10:30:00 AM,APLAPOLLO,Largecap,Industrials
19-02-2026 10:30:00 AM,SBIN,Largecap,Bank
19-02-2026 10:30:00 AM,BHARATFORG,Largecap,Industrials
20-02-2026 10:30:00 AM,SBIN,Largecap,Bank
20-02-2026 10:30:00 AM,BHARATFORG,Largecap,Industrials
23-02-2026 10:30:00 AM,SBIN,Largecap,Bank
23-02-2026 10:30:00 AM,TORNTPHARM,Largecap,Healthcare
23-02-2026 10:30:00 AM,BHARATFORG,Largecap,Industrials
23-02-2026 10:30:00 AM,UNIONBANK,Largecap,Bank
23-02-2026 10:30:00 AM,INDIANB,Largecap,Bank
23-02-2026 10:30:00 AM,POWERINDIA,Largecap,Industrials
24-02-2026 10:30:00 AM,SBIN,Largecap,Bank
24-02-2026 10:30:00 AM,TORNTPHARM,Largecap,Healthcare
24-02-2026 10:30:00 AM,BHARATFORG,Largecap,Industrials
24-02-2026 10:30:00 AM,UNIONBANK,Largecap,Bank
24-02-2026 10:30:00 AM,INDIANB,Largecap,Bank
24-02-2026 10:30:00 AM,POWERINDIA,Largecap,Industrials
25-02-2026 10:30:00 AM,TORNTPHARM,Largecap,Healthcare
25-02-2026 10:30:00 AM,BHARATFORG,Largecap,Industrials
25-02-2026 10:30:00 AM,UNIONBANK,Largecap,Bank
25-02-2026 10:30:00 AM,POWERINDIA,Largecap,Industrials
26-02-2026 10:30:00 AM,TORNTPHARM,Largecap,Healthcare
26-02-2026 10:30:00 AM,BHARATFORG,Largecap,Industrials
26-02-2026 10:30:00 AM,UNIONBANK,Largecap,Bank
26-02-2026 10:30:00 AM,INDIANB,Largecap,Bank
26-02-2026 10:30:00 AM,POWERINDIA,Largecap,Industrials
27-02-2026 10:30:00 AM,BHARATFORG,Largecap,Industrials
27-02-2026 10:30:00 AM,UNIONBANK,Largecap,Bank
27-02-2026 10:30:00 AM,INDIANB,Largecap,Bank
27-02-2026 10:30:00 AM,POWERINDIA,Largecap,Industrials
08-04-2026 11:30:00 AM,ADANIPOWER,Largecap,Power & Utilities
09-04-2026 11:30:00 AM,ADANIPOWER,Largecap,Power & Utilities
10-04-2026 11:30:00 AM,ADANIPOWER,Largecap,Power & Utilities
10-04-2026 11:30:00 AM,POWERINDIA,Largecap,Industrials
13-04-2026 11:30:00 AM,ADANIPOWER,Largecap,Power & Utilities
13-04-2026 11:30:00 AM,POWERINDIA,Largecap,Industrials
15-04-2026 11:30:00 AM,ADANIPOWER,Largecap,Power & Utilities
15-04-2026 11:30:00 AM,BSE,Largecap,Financials
15-04-2026 11:30:00 AM,POWERINDIA,Largecap,Industrials
16-04-2026 11:30:00 AM,VEDL,Largecap,Metals & Mining
16-04-2026 11:30:00 AM,ADANIPOWER,Largecap,Power & Utilities
16-04-2026 11:30:00 AM,MCX,Largecap,Financials
16-04-2026 11:30:00 AM,BSE,Largecap,Financials
17-04-2026 11:30:00 AM,VEDL,Largecap,Metals & Mining
17-04-2026 11:30:00 AM,ADANIPOWER,Largecap,Power & Utilities
17-04-2026 11:30:00 AM,BSE,Largecap,Financials
17-04-2026 11:30:00 AM,POWERINDIA,Largecap,Industrials
20-04-2026 11:30:00 AM,ADANIPOWER,Largecap,Power & Utilities
20-04-2026 11:30:00 AM,POWERINDIA,Largecap,Industrials
21-04-2026 11:30:00 AM,ADANIPOWER,Largecap,Power & Utilities
21-04-2026 11:30:00 AM,POWERINDIA,Largecap,Industrials
22-04-2026 11:30:00 AM,ADANIPOWER,Largecap,Power & Utilities
22-04-2026 11:30:00 AM,POWERINDIA,Largecap,Industrials
23-04-2026 11:30:00 AM,ADANIPOWER,Largecap,Power & Utilities
23-04-2026 11:30:00 AM,POWERINDIA,Largecap,Industrials
24-04-2026 11:30:00 AM,ADANIPOWER,Largecap,Power & Utilities
24-04-2026 11:30:00 AM,POWERINDIA,Largecap,Industrials
27-04-2026 11:30:00 AM,ADANIPOWER,Largecap,Power & Utilities
27-04-2026 11:30:00 AM,POWERINDIA,Largecap,Industrials
28-04-2026 11:30:00 AM,GLENMARK,Largecap,Healthcare
28-04-2026 11:30:00 AM,ADANIPOWER,Largecap,Power & Utilities
28-04-2026 11:30:00 AM,BSE,Largecap,Financials
28-04-2026 11:30:00 AM,POWERINDIA,Largecap,Industrials
29-04-2026 11:30:00 AM,GLENMARK,Largecap,Healthcare
29-04-2026 11:30:00 AM,ADANIPOWER,Largecap,Power & Utilities
29-04-2026 11:30:00 AM,MCX,Largecap,Financials
29-04-2026 11:30:00 AM,BSE,Largecap,Financials
29-04-2026 11:30:00 AM,POWERINDIA,Largecap,Industrials
30-04-2026 11:30:00 AM,GLENMARK,Largecap,Healthcare
30-04-2026 11:30:00 AM,ADANIPOWER,Largecap,Power & Utilities
30-04-2026 11:30:00 AM,MCX,Largecap,Financials
30-04-2026 11:30:00 AM,BSE,Largecap,Financials
30-04-2026 11:30:00 AM,POWERINDIA,Largecap,Industrials
04-05-2026 11:30:00 AM,BHEL,Largecap,Industrials
04-05-2026 11:30:00 AM,ADANIPOWER,Largecap,Power & Utilities
04-05-2026 11:30:00 AM,BSE,Largecap,Financials
04-05-2026 11:30:00 AM,POWERINDIA,Largecap,Industrials
05-05-2026 11:30:00 AM,BHEL,Largecap,Industrials
05-05-2026 11:30:00 AM,ADANIPOWER,Largecap,Power & Utilities
05-05-2026 11:30:00 AM,BSE,Largecap,Financials
05-05-2026 11:30:00 AM,POWERINDIA,Largecap,Industrials
06-05-2026 11:30:00 AM,BHEL,Largecap,Industrials
06-05-2026 11:30:00 AM,VEDL,Largecap,Metals & Mining
06-05-2026 11:30:00 AM,ADANIPOWER,Largecap,Power & Utilities
06-05-2026 11:30:00 AM,BSE,Largecap,Financials
06-05-2026 11:30:00 AM,POWERINDIA,Largecap,Industrials
07-05-2026 11:30:00 AM,BHEL,Largecap,Industrials
07-05-2026 11:30:00 AM,LUPIN,Largecap,Healthcare
07-05-2026 11:30:00 AM,ADANIPOWER,Largecap,Power & Utilities
07-05-2026 11:30:00 AM,MCX,Largecap,Financials
07-05-2026 11:30:00 AM,BSE,Largecap,Financials
07-05-2026 11:30:00 AM,POWERINDIA,Largecap,Industrials
08-05-2026 11:30:00 AM,BHEL,Largecap,Industrials
08-05-2026 11:30:00 AM,CUMMINSIND,Largecap,Industrials
08-05-2026 11:30:00 AM,ADANIPOWER,Largecap,Power & Utilities
08-05-2026 11:30:00 AM,MCX,Largecap,Financials
08-05-2026 11:30:00 AM,BSE,Largecap,Financials
08-05-2026 11:30:00 AM,POWERINDIA,Largecap,Industrials